{"cameraMode":{"drawMode":0,"name":"Shaded","section":"Shading Mode"},"sceneLighting":true,"audioPlay":false,"sceneViewState":{"showFog":true,"showMaterialUpdate":false,"showSkybox":false,"showFlares":true,"showImageEffects":true,"showParticleSystems":true},"in2DMode":false,"pivot":{"x":-84.37397003173828,"y":2.8369998931884767,"z":41.959999084472659},"rotation":{"x":0.03446216508746147,"y":-0.5946423411369324,"z":0.025523584336042405,"w":0.8028478026390076},"size":15.97618293762207,"orthographic":false}