{"cameraMode":{"drawMode":0,"name":"Shaded","section":"Shading Mode"},"sceneLighting":true,"audioPlay":false,"sceneViewState":{"showFog":true,"showMaterialUpdate":false,"showSkybox":false,"showFlares":true,"showImageEffects":true,"showParticleSystems":true},"in2DMode":false,"pivot":{"x":12.014629364013672,"y":-5.063437461853027,"z":12.924886703491211},"rotation":{"x":0.15051481127738954,"y":-0.3067229390144348,"z":0.0491873137652874,"w":0.9385388493537903},"size":56.122474670410159,"orthographic":false}