{"cameraMode":{"drawMode":0,"name":"Shaded","section":"Shading Mode"},"sceneLighting":false,"audioPlay":false,"sceneViewState":{"showFog":true,"showMaterialUpdate":false,"showSkybox":false,"showFlares":true,"showImageEffects":true,"showParticleSystems":true},"in2DMode":false,"pivot":{"x":-71.4987564086914,"y":1.074190378189087,"z":-10.311756134033204},"rotation":{"x":0.06522131711244583,"y":-0.926214337348938,"z":0.3196163773536682,"w":0.18900229036808015},"size":3.6310665607452394,"orthographic":false}